,start,end,delta
0,1627638789622.39,1627638789830.0,207.610107421875
1,1627638789665.6238,1627638789847.0,181.376220703125
2,1627638789696.5405,1627638789829.0,132.45947265625
3,1627638789726.4604,1627638789847.0,120.53955078125
4,1627638789743.4148,1627638789888.0,144.585205078125
5,1627638789776.3298,1627638789937.0,160.670166015625
6,1627638789806.2473,1627638789922.0,115.752685546875
7,1627638789838.162,1627638789937.0,98.837890625
8,1627638789868.0833,1627638789977.0,108.916748046875
9,1627638789898.9998,1627638790286.0,387.000244140625
10,1627638789928.9194,1627638789993.0,64.08056640625
11,1627638789958.84,1627638790036.0,77.159912109375
12,1627638789988.758,1627638790057.0,68.241943359375
13,1627638790021.6711,1627638790113.0,91.328857421875
14,1627638790050.5938,1627638790130.0,79.40625
15,1627638790082.5095,1627638790172.0,89.490478515625
16,1627638790114.4229,1627638790200.0,85.5771484375
17,1627638790146.3376,1627638790234.0,87.662353515625
18,1627638790176.258,1627638790243.0,66.741943359375
19,1627638790207.177,1627638790282.0,74.822998046875
20,1627638790236.0974,1627638790297.0,60.902587890625
21,1627638790268.0117,1627638790445.0,176.98828125
22,1627638790303.9158,1627638790364.0,60.084228515625
23,1627638790331.8418,1627638790414.0,82.158203125
24,1627638790359.7664,1627638790478.0,118.233642578125
25,1627638790375.7236,1627638790513.0,137.2763671875
26,1627638790389.6868,1627638790446.0,56.313232421875
27,1627638790407.6387,1627638790483.0,75.361328125
28,1627638790423.6003,1627638790553.0,129.399658203125
29,1627638790439.553,1627638790583.0,143.447021484375
30,1627638790469.4724,1627638790532.0,62.527587890625
31,1627638790487.4253,1627638790604.0,116.57470703125
32,1627638790518.3438,1627638790626.0,107.65625
33,1627638790546.2698,1627638790666.0,119.730224609375
34,1627638790576.187,1627638790643.0,66.81298828125
35,1627638790593.1428,1627638790781.0,187.857177734375
36,1627638790625.0571,1627638790698.0,72.94287109375
37,1627638790654.9766,1627638790737.0,82.0234375
38,1627638790671.9324,1627638790815.0,143.067626953125
39,1627638790685.8933,1627638790963.0,277.106689453125
40,1627638790701.8518,1627638790773.0,71.148193359375
41,1627638790733.7666,1627638790802.0,68.2333984375
42,1627638790764.6855,1627638791001.0,236.314453125
43,1627638790796.5974,1627638791031.0,234.402587890625
44,1627638790830.5303,1627638790911.0,80.4697265625
45,1627638790859.4526,1627638791046.0,186.54736328125
46,1627638790889.399,1627638791073.0,183.60107421875
47,1627638790908.3503,1627638791228.0,319.649658203125
48,1627638790935.278,1627638791083.0,147.721923828125
49,1627638790950.2378,1627638791134.0,183.76220703125
50,1627638790967.1907,1627638791361.0,393.809326171875
51,1627638790980.1575,1627638791413.0,432.842529296875
52,1627638790996.1128,1627638791153.0,156.88720703125
53,1627638791011.0747,1627638791187.0,175.92529296875
54,1627638791027.0332,1627638791454.0,426.966796875
55,1627638791060.9421,1627638791497.0,436.057861328125
56,1627638791090.8616,1627638791223.0,132.138427734375
57,1627638791104.8237,1627638791257.0,152.17626953125
58,1627638791120.781,1627638791539.0,418.218994140625
59,1627638791137.7346,1627638791583.0,445.265380859375
60,1627638791164.665,1627638791527.0,362.3349609375
61,1627638791181.6165,1627638791347.0,165.383544921875
62,1627638791211.5383,1627638791602.0,390.461669921875
63,1627638791240.4592,1627638791636.0,395.540771484375
64,1627638791257.4138,1627638791384.0,126.586181640625
65,1627638791289.3293,1627638791428.0,138.670654296875
66,1627638791320.2458,1627638791670.0,349.754150390625
67,1627638791351.1636,1627638791707.0,355.83642578125
68,1627638791382.0803,1627638791471.0,88.919677734375
69,1627638791412.0007,1627638791514.0,101.999267578125
70,1627638791442.9272,1627638791756.0,313.07275390625
71,1627638791475.8298,1627638791777.0,301.170166015625
72,1627638791504.7537,1627638791672.0,167.246337890625
73,1627638791533.677,1627638791715.0,181.322998046875
74,1627638791562.599,1627638791809.0,246.40087890625
75,1627638791578.5554,1627638791848.0,269.444580078125
76,1627638791596.5085,1627638791749.0,152.491455078125
77,1627638791624.4324,1627638791787.0,162.567626953125
78,1627638791641.388,1627638791878.0,236.612060546875
79,1627638791655.3508,1627638791909.0,253.649169921875
80,1627638791676.2947,1627638791932.0,255.705322265625
81,1627638791703.2224,1627638791984.0,280.777587890625
82,1627638791731.1477,1627638791962.0,230.852294921875
83,1627638791746.107,1627638791985.0,238.89306640625
84,1627638791781.0146,1627638792008.0,226.9853515625
85,1627638791809.9456,1627638792047.0,237.054443359375
86,1627638791838.861,1627638792021.0,182.138916015625
87,1627638791855.8142,1627638792064.0,208.185791015625
88,1627638791867.7822,1627638792080.0,212.2177734375
89,1627638791884.739,1627638792115.0,230.260986328125
90,1627638791900.6965,1627638792108.0,207.303466796875
91,1627638791931.6108,1627638792131.0,199.38916015625
92,1627638791964.5237,1627638792381.0,416.476318359375
93,1627638791993.4478,1627638792195.0,201.55224609375
94,1627638792022.3684,1627638792168.0,145.631591796875
95,1627638792053.285,1627638792216.0,162.715087890625
96,1627638792085.2002,1627638792246.0,160.7998046875
97,1627638792102.1548,1627638792291.0,188.84521484375
98,1627638792133.0737,1627638792266.0,132.92626953125
99,1627638792164.0574,1627638792310.0,145.942626953125
100,1627638792195.9797,1627638792336.0,140.020263671875
101,1627638792226.8904,1627638792370.0,143.109619140625
102,1627638792257.8066,1627638792453.0,195.193359375
103,1627638792284.735,1627638792483.0,198.264892578125
104,1627638792316.649,1627638792404.0,87.35107421875
105,1627638792345.5713,1627638792434.0,88.4287109375
106,1627638792379.483,1627638792512.0,132.51708984375
107,1627638792410.4006,1627638792657.0,246.599365234375
108,1627638792438.3254,1627638792633.0,194.674560546875
109,1627638792455.2788,1627638792667.0,211.72119140625
110,1627638792484.2043,1627638792819.0,334.795654296875
111,1627638792515.1934,1627638792841.0,325.806640625
112,1627638792551.8994,1627638792702.0,150.1005859375
113,1627638792583.8142,1627638792730.0,146.185791015625
114,1627638792610.7373,1627638792883.0,272.2626953125
115,1627638792641.6167,1627638792923.0,281.38330078125
116,1627638792657.5767,1627638792762.0,104.42333984375
117,1627638792685.5,1627638792796.0,110.5
118,1627638792702.4556,1627638792968.0,265.54443359375
119,1627638792732.3474,1627638793002.0,269.652587890625
120,1627638792744.3403,1627638792831.0,86.65966796875
121,1627638792760.2725,1627638792873.0,112.7275390625
122,1627638792775.2312,1627638793045.0,269.768798828125
123,1627638792792.187,1627638793075.0,282.81298828125
124,1627638792824.1013,1627638792936.0,111.898681640625
125,1627638792855.0183,1627638792962.0,106.981689453125
126,1627638792870.9766,1627638793111.0,240.0234375
127,1627638792899.8975,1627638793145.0,245.1025390625
128,1627638792918.8477,1627638793009.0,90.15234375
129,1627638792946.7727,1627638793037.0,90.227294921875
130,1627638792964.7258,1627638793178.0,213.274169921875
131,1627638792992.6504,1627638793231.0,238.349609375
132,1627638793013.5935,1627638793075.0,61.406494140625
133,1627638793043.5154,1627638793115.0,71.484619140625
134,1627638793073.434,1627638793244.0,170.56591796875
135,1627638793104.3552,1627638793275.0,170.644775390625
136,1627638793132.277,1627638793183.0,50.722900390625
137,1627638793152.223,1627638793222.0,69.777099609375
138,1627638793182.143,1627638793315.0,132.85693359375
139,1627638793213.0623,1627638793352.0,138.937744140625
140,1627638793240.986,1627638793293.0,52.013916015625
141,1627638793256.9482,1627638793329.0,72.0517578125
142,1627638793271.9043,1627638793388.0,116.095703125
143,1627638793287.8618,1627638793423.0,135.13818359375
144,1627638793302.8208,1627638793366.0,63.17919921875
145,1627638793320.7742,1627638793449.0,128.225830078125
146,1627638793348.6997,1627638793571.0,222.30029296875
147,1627638793380.6133,1627638793655.0,274.38671875
148,1627638793395.5728,1627638793454.0,58.42724609375
149,1627638793411.5293,1627638793475.0,63.470703125
150,1627638793440.4521,1627638793638.0,197.5478515625
151,1627638793457.4067,1627638793679.0,221.59326171875
152,1627638793470.374,1627638793514.0,43.6259765625
153,1627638793487.3267,1627638793554.0,66.67333984375
154,1627638793501.2898,1627638793711.0,209.710205078125
155,1627638793519.2747,1627638793743.0,223.725341796875
156,1627638793534.2363,1627638793594.0,59.763671875
157,1627638793550.1592,1627638793625.0,74.8408203125
158,1627638793579.0818,1627638793780.0,200.918212890625
159,1627638793597.0337,1627638793807.0,209.96630859375
160,1627638793625.9568,1627638793675.0,49.043212890625
161,1627638793643.9082,1627638793713.0,69.091796875
162,1627638793670.8364,1627638793844.0,173.16357421875
163,1627638793686.7932,1627638793877.0,190.206787109375
164,1627638793700.7563,1627638793755.0,54.24365234375
165,1627638793720.7053,1627638793786.0,65.294677734375
166,1627638793751.62,1627638793906.0,154.3798828125
167,1627638793781.5413,1627638793939.0,157.458740234375
168,1627638793812.4578,1627638793966.0,153.542236328125
169,1627638793828.4163,1627638793995.0,166.583740234375
170,1627638793842.3772,1627638794074.0,231.622802734375
171,1627638793859.3315,1627638794100.0,240.66845703125
172,1627638793872.7546,1627638794026.0,153.245361328125
173,1627638793887.7463,1627638794057.0,169.253662109375
174,1627638793904.6694,1627638794130.0,225.33056640625
175,1627638793920.6614,1627638794159.0,238.338623046875
176,1627638793934.5894,1627638794193.0,258.41064453125
177,1627638793966.505,1627638794246.0,279.4951171875
178,1627638793998.4185,1627638794192.0,193.58154296875
179,1627638794010.385,1627638794231.0,220.614990234375
180,1627638794029.336,1627638794273.0,243.6640625
181,1627638794058.2605,1627638794307.0,248.739501953125
182,1627638794074.2185,1627638794278.0,203.781494140625
183,1627638794087.2014,1627638794304.0,216.798583984375
184,1627638794104.1357,1627638794345.0,240.8642578125
185,1627638794117.1013,1627638794380.0,262.898681640625
186,1627638794135.0552,1627638794339.0,203.94482421875
187,1627638794148.0505,1627638794375.0,226.949462890625
188,1627638794166.9692,1627638794416.0,249.03076171875
189,1627638794198.8833,1627638794463.0,264.11669921875
190,1627638794227.8052,1627638794419.0,191.19482421875
191,1627638794256.7285,1627638794454.0,197.271484375
192,1627638794285.6511,1627638794501.0,215.348876953125
193,1627638794302.6052,1627638794541.0,238.394775390625
194,1627638794330.531,1627638794505.0,174.468994140625
195,1627638794348.483,1627638794530.0,181.51708984375
196,1627638794362.4443,1627638794571.0,208.5556640625
197,1627638794381.395,1627638794603.0,221.60498046875
198,1627638794408.3223,1627638794669.0,260.677734375
199,1627638794426.2737,1627638794806.0,379.726318359375
200,1627638794442.2324,1627638794632.0,189.767578125
201,1627638794471.154,1627638794665.0,193.845947265625
202,1627638794488.1104,1627638794843.0,354.8896484375
203,1627638794516.0352,1627638794878.0,361.96484375
204,1627638794534.9836,1627638794696.0,161.016357421875
205,1627638794562.9087,1627638794732.0,169.09130859375
206,1627638794577.8682,1627638794912.0,334.1318359375
207,1627638794590.834,1627638794947.0,356.166015625
208,1627638794606.792,1627638794762.0,155.2080078125
209,1627638794621.7517,1627638794792.0,170.248291015625
210,1627638794638.7073,1627638794980.0,341.292724609375
211,1627638794652.6692,1627638795027.0,374.330810546875
212,1627638794671.6187,1627638794834.0,162.38134765625
213,1627638794700.541,1627638794865.0,164.458984375
214,1627638794713.5408,1627638795048.0,334.459228515625
215,1627638794729.463,1627638795089.0,359.537109375
216,1627638794743.457,1627638794911.0,167.54296875
217,1627638794760.3823,1627638794935.0,174.61767578125
218,1627638794775.3735,1627638795126.0,350.62646484375
219,1627638794795.2878,1627638795161.0,365.712158203125
220,1627638794825.2078,1627638794970.0,144.792236328125
221,1627638794853.1343,1627638795000.0,146.86572265625
222,1627638794873.0798,1627638795191.0,317.920166015625
223,1627638794903.01,1627638795223.0,319.989990234375
224,1627638794932.921,1627638795039.0,106.0791015625
225,1627638794961.8733,1627638795079.0,117.126708984375
226,1627638794978.7979,1627638795252.0,273.2021484375
227,1627638795008.7163,1627638795284.0,275.28369140625
228,1627638795039.634,1627638795118.0,78.365966796875
229,1627638795069.5542,1627638795156.0,86.44580078125
230,1627638795099.4756,1627638795316.0,216.5244140625
231,1627638795117.428,1627638795354.0,236.572021484375
232,1627638795147.4146,1627638795199.0,51.58544921875
233,1627638795166.362,1627638795350.0,183.637939453125
234,1627638795196.282,1627638795387.0,190.718017578125
235,1627638795228.1975,1627638795859.0,630.802490234375
236,1627638795257.119,1627638795387.0,129.881103515625
237,1627638795272.108,1627638795421.0,148.89208984375
238,1627638795290.0344,1627638795593.0,302.965576171875
239,1627638795318.9536,1627638795651.0,332.04638671875
240,1627638795331.9207,1627638795801.0,469.079345703125
241,1627638795350.8682,1627638795495.0,144.1318359375
242,1627638795380.7888,1627638795693.0,312.211181640625
243,1627638795408.7488,1627638795737.0,328.251220703125
244,1627638795426.666,1627638795535.0,108.333984375
245,1627638795439.6313,1627638795613.0,173.36865234375
246,1627638795458.5815,1627638795786.0,327.41845703125
247,1627638795485.5093,1627638795837.0,351.49072265625
248,1627638795515.4287,1627638795679.0,163.5712890625
249,1627638795534.3792,1627638795743.0,208.620849609375
250,1627638795565.2954,1627638795874.0,308.70458984375
251,1627638795597.2102,1627638795910.0,312.789794921875
252,1627638795627.1306,1627638795788.0,160.869384765625
253,1627638795658.0479,1627638795843.0,184.9521484375
254,1627638795690.9592,1627638795940.0,249.040771484375
255,1627638795720.8787,1627638795974.0,253.121337890625
256,1627638795752.7932,1627638795980.0,227.206787109375
257,1627638795779.723,1627638796016.0,236.277099609375
258,1627638795814.629,1627638796003.0,188.37109375
259,1627638795845.5486,1627638796035.0,189.451416015625
260,1627638795873.471,1627638796046.0,172.529052734375
261,1627638795904.388,1627638796084.0,179.612060546875
262,1627638795918.3516,1627638796141.0,222.6484375
263,1627638795934.3079,1627638796109.0,174.692138671875
264,1627638795949.2673,1627638796123.0,173.732666015625
265,1627638795966.2568,1627638796192.0,225.7431640625
266,1627638795982.1826,1627638796147.0,164.8173828125
267,1627638795998.139,1627638796185.0,186.861083984375
268,1627638796015.1282,1627638796198.0,182.871826171875
269,1627638796029.0576,1627638796233.0,203.9423828125
270,1627638796047.0066,1627638796224.0,176.993408203125
271,1627638796076.9287,1627638796259.0,182.0712890625
272,1627638796106.849,1627638796268.0,161.15087890625
273,1627638796139.7617,1627638796315.0,175.23828125
274,1627638796168.6807,1627638796539.0,370.3193359375
275,1627638796185.6353,1627638796347.0,161.36474609375
276,1627638796212.5667,1627638796361.0,148.433349609375
277,1627638796234.505,1627638796404.0,169.4951171875
278,1627638796262.431,1627638796392.0,129.569091796875
279,1627638796290.3577,1627638796426.0,135.642333984375
280,1627638796310.302,1627638796441.0,130.697998046875
281,1627638796340.2234,1627638796485.0,144.776611328125
282,1627638796371.1414,1627638796472.0,100.858642578125
283,1627638796400.0623,1627638796513.0,112.937744140625
284,1627638796433.9727,1627638796525.0,91.02734375
285,1627638796460.9011,1627638796564.0,103.098876953125
286,1627638796481.8462,1627638796557.0,75.15380859375
287,1627638796507.774,1627638796736.0,228.22607421875
288,1627638796535.6992,1627638796746.0,210.30078125
289,1627638796552.656,1627638796779.0,226.343994140625
290,1627638796586.794,1627638796772.0,185.2060546875
291,1627638796619.719,1627638796809.0,189.281005859375
292,1627638796652.0493,1627638796814.0,161.95068359375
293,1627638796682.9666,1627638796848.0,165.033447265625
294,1627638796712.8464,1627638796842.0,129.153564453125
295,1627638796741.7693,1627638797010.0,268.230712890625
296,1627638796770.6902,1627638797010.0,239.309814453125
297,1627638796800.6128,1627638797044.0,243.38720703125
298,1627638796817.565,1627638797162.0,344.43505859375
299,1627638796832.5251,1627638797185.0,352.474853515625
300,1627638796850.4763,1627638797074.0,223.523681640625
301,1627638796862.477,1627638797208.0,345.52294921875
302,1627638796886.3718,1627638797219.0,332.628173828125
303,1627638796916.254,1627638797289.0,372.74609375
304,1627638796949.208,1627638797248.0,298.7919921875
305,1627638796977.089,1627638797294.0,316.910888671875
306,1627638797006.0117,1627638797296.0,289.98828125
307,1627638797036.9304,1627638797335.0,298.069580078125
308,1627638797051.8892,1627638797319.0,267.11083984375
309,1627638797067.8474,1627638797454.0,386.152587890625
310,1627638797088.366,1627638797358.0,269.634033203125
311,1627638797116.1838,1627638797390.0,273.816162109375
312,1627638797132.1409,1627638797498.0,365.859130859375
313,1627638797148.1003,1627638797527.0,378.899658203125
314,1627638797163.0593,1627638797429.0,265.940673828125
315,1627638797179.0166,1627638797455.0,275.9833984375
316,1627638797194.9734,1627638797557.0,362.026611328125
317,1627638797212.925,1627638797589.0,376.074951171875
318,1627638797241.8481,1627638797494.0,252.15185546875
319,1627638797270.7705,1627638797645.0,374.2294921875
320,1627638797289.72,1627638797618.0,328.280029296875
321,1627638797319.6387,1627638797664.0,344.361328125
322,1627638797347.5645,1627638797683.0,335.435546875
323,1627638797364.5183,1627638797713.0,348.481689453125
324,1627638797378.482,1627638797691.0,312.51806640625
325,1627638797395.4387,1627638797727.0,331.561279296875
326,1627638797410.3977,1627638797849.0,438.602294921875
327,1627638797427.3525,1627638797881.0,453.6474609375
328,1627638797457.2712,1627638797760.0,302.728759765625
329,1627638797484.2002,1627638797795.0,310.7998046875
330,1627638797503.149,1627638797941.0,437.85107421875
331,1627638797532.0698,1627638798056.0,523.93017578125
332,1627638797546.0342,1627638797819.0,272.9658203125
333,1627638797562.9888,1627638797852.0,289.01123046875
334,1627638797576.9521,1627638798081.0,504.0478515625
335,1627638797591.913,1627638798117.0,525.0869140625
336,1627638797606.8708,1627638797885.0,278.129150390625
337,1627638797623.8252,1627638797924.0,300.1748046875
338,1627638797639.7817,1627638798152.0,512.21826171875
339,1627638797671.697,1627638798203.0,531.302978515625
340,1627638797700.6213,1627638797954.0,253.378662109375
341,1627638797715.581,1627638797983.0,267.4189453125
342,1627638797732.5342,1627638798334.0,601.4658203125
343,1627638797747.4963,1627638798369.0,621.503662109375
344,1627638797762.4607,1627638798014.0,251.539306640625
345,1627638797775.4207,1627638798045.0,269.579345703125
346,1627638797792.3762,1627638798402.0,609.623779296875
347,1627638797805.3416,1627638798454.0,648.658447265625
348,1627638797824.289,1627638798079.0,254.7109375
349,1627638797855.2075,1627638798114.0,258.79248046875
350,1627638797884.13,1627638798477.0,592.8701171875
351,1627638797913.0522,1627638798627.0,713.94775390625
352,1627638797941.9749,1627638798153.0,211.025146484375
353,1627638797958.9307,1627638798186.0,227.0693359375
354,1627638797973.8892,1627638798660.0,686.11083984375
355,1627638797990.845,1627638798815.0,824.155029296875
356,1627638798003.8118,1627638798219.0,215.188232421875
357,1627638798019.7754,1627638798250.0,230.224609375
358,1627638798034.7273,1627638798850.0,815.272705078125
359,1627638798051.6814,1627638798880.0,828.318603515625
360,1627638798080.6033,1627638798277.0,196.396728515625
361,1627638798108.5305,1627638798306.0,197.469482421875
362,1627638798125.4832,1627638798913.0,787.516845703125
363,1627638798156.4006,1627638798949.0,792.599365234375
364,1627638798186.3208,1627638798338.0,151.67919921875
365,1627638798213.2515,1627638798374.0,160.74853515625
366,1627638798229.2073,1627638798985.0,755.792724609375
367,1627638798245.1655,1627638799019.0,773.83447265625
368,1627638798259.1257,1627638798408.0,148.874267578125
369,1627638798275.0847,1627638798442.0,166.915283203125
370,1627638798289.0461,1627638799056.0,766.953857421875
371,1627638798307.9966,1627638799089.0,781.00341796875
372,1627638798338.9126,1627638798479.0,140.08740234375
373,1627638798367.8367,1627638798515.0,147.163330078125
374,1627638798398.7554,1627638799124.0,725.24462890625
375,1627638798427.677,1627638799159.0,731.322998046875
376,1627638798445.629,1627638798535.0,89.37109375
377,1627638798474.5496,1627638798672.0,197.450439453125
378,1627638798505.3765,1627638799203.0,697.62353515625
379,1627638798535.2942,1627638799234.0,698.705810546875
380,1627638798573.5903,1627638798836.0,262.40966796875
381,1627638798598.508,1627638798980.0,381.491943359375
382,1627638798627.4285,1627638799266.0,638.571533203125
383,1627638798644.385,1627638799439.0,794.614990234375
384,1627638798659.3418,1627638799009.0,349.658203125
385,1627638798675.3,1627638799044.0,368.699951171875
386,1627638798695.4644,1627638799479.0,783.53564453125
387,1627638798725.9333,1627638799511.0,785.066650390625
388,1627638798758.8997,1627638799082.0,323.100341796875
389,1627638798788.814,1627638799117.0,328.18603515625
390,1627638798816.738,1627638799546.0,729.261962890625
391,1627638798846.6575,1627638799582.0,735.342529296875
392,1627638798876.5488,1627638799151.0,274.451171875
393,1627638798892.5046,1627638799185.0,292.495361328125
394,1627638798908.4639,1627638799621.0,712.5361328125
395,1627638798924.4194,1627638799660.0,735.58056640625
396,1627638798943.3704,1627638799223.0,279.629638671875
397,1627638798971.2947,1627638799258.0,286.705322265625
398,1627638799002.2117,1627638799699.0,696.788330078125
399,1627638799034.1265,1627638799734.0,699.87353515625
400,1627638799052.0784,1627638799441.0,388.921630859375
401,1627638799079.0063,1627638799473.0,393.99365234375
402,1627638799107.9297,1627638799767.0,659.0703125
403,1627638799126.8784,1627638799798.0,671.12158203125
404,1627638799155.801,1627638799528.0,372.198974609375
405,1627638799187.7156,1627638799546.0,358.284423828125
406,1627638799215.6418,1627638799826.0,610.358154296875
407,1627638799233.5938,1627638799853.0,619.40625
408,1627638799264.5115,1627638799662.0,397.488525390625
409,1627638799296.3274,1627638799615.0,318.672607421875
410,1627638799327.9905,1627638799890.0,562.009521484375
411,1627638799364.964,1627638799938.0,573.035888671875
412,1627638799412.8372,1627638799656.0,243.162841796875
413,1627638799435.1843,1627638799695.0,259.815673828125
414,1627638799450.1416,1627638799956.0,505.8583984375
415,1627638799468.0508,1627638799990.0,521.94921875
416,1627638799497.9707,1627638799727.0,229.029296875
417,1627638799513.9282,1627638799762.0,248.07177734375
418,1627638799528.8882,1627638800020.0,491.11181640625
419,1627638799544.8438,1627638800049.0,504.15625
420,1627638799576.7598,1627638799894.0,317.240234375
421,1627638799606.6785,1627638799930.0,323.321533203125
422,1627638799638.5933,1627638800077.0,438.40673828125
423,1627638799655.548,1627638800108.0,452.451904296875
424,1627638799684.4724,1627638799966.0,281.527587890625
425,1627638799712.3967,1627638800001.0,288.603271484375
426,1627638799732.3425,1627638800145.0,412.657470703125
427,1627638799760.2695,1627638800183.0,422.73046875
428,1627638799789.1917,1627638800142.0,352.808349609375
429,1627638799804.1504,1627638800176.0,371.849609375
430,1627638799819.1104,1627638800222.0,402.8896484375
431,1627638799835.0676,1627638800252.0,416.932373046875
432,1627638799850.0276,1627638800209.0,358.972412109375
433,1627638799864.9875,1627638800242.0,377.012451171875
434,1627638799882.9397,1627638800285.0,402.060302734375
435,1627638799912.86,1627638800316.0,403.139892578125
436,1627638799942.781,1627638800280.0,337.218994140625
437,1627638799958.7393,1627638800309.0,350.2607421875
438,1627638799988.6572,1627638800352.0,363.3427734375
439,1627638800018.5767,1627638800385.0,366.42333984375
440,1627638800047.4995,1627638800346.0,298.50048828125
441,1627638800063.4565,1627638800488.0,424.54345703125
442,1627638800081.4084,1627638800408.0,326.591552734375
443,1627638800093.3765,1627638800440.0,346.62353515625
444,1627638800112.3276,1627638800523.0,410.67236328125
445,1627638800142.247,1627638800556.0,413.7529296875
446,1627638800172.1658,1627638800469.0,296.834228515625
447,1627638800201.0896,1627638800524.0,322.910400390625
448,1627638800219.0413,1627638800589.0,369.958740234375
449,1627638800250.9624,1627638800620.0,369.03759765625
450,1627638800276.8857,1627638800546.0,269.1142578125
451,1627638800307.8042,1627638800569.0,261.19580078125
452,1627638800338.7205,1627638800651.0,312.279541015625
453,1627638800355.6758,1627638800681.0,325.32421875
454,1627638800369.6375,1627638800730.0,360.362548828125
455,1627638800386.5933,1627638800745.0,358.40673828125
456,1627638800399.5571,1627638800720.0,320.44287109375
457,1627638800415.5154,1627638800751.0,335.484619140625
458,1627638800431.4736,1627638800787.0,355.5263671875
459,1627638800445.4346,1627638800805.0,359.5654296875
460,1627638800460.3962,1627638800785.0,324.603759765625
461,1627638800475.355,1627638800914.0,438.64501953125
462,1627638800492.3096,1627638800834.0,341.6904296875
463,1627638800506.2732,1627638800865.0,358.726806640625
464,1627638800522.2305,1627638800944.0,421.76953125
465,1627638800554.1458,1627638801095.0,540.854248046875
466,1627638800581.0725,1627638801021.0,439.927490234375
467,1627638800597.03,1627638801054.0,456.969970703125
468,1627638800612.3306,1627638801226.0,613.66943359375
469,1627638800629.2876,1627638801263.0,633.71240234375
470,1627638800645.2449,1627638801084.0,438.755126953125
471,1627638800659.2053,1627638801120.0,460.794677734375
472,1627638800675.1873,1627638801302.0,626.812744140625
473,1627638800690.1243,1627638801333.0,642.875732421875
474,1627638800706.082,1627638801149.0,442.91796875
475,1627638800720.0425,1627638801191.0,470.95751953125
476,1627638800736.0017,1627638801365.0,628.998291015625
477,1627638800753.9543,1627638801403.0,649.045654296875
478,1627638800767.9153,1627638801210.0,442.084716796875
479,1627638800795.873,1627638801243.0,447.126953125
480,1627638800811.7998,1627638801430.0,618.2001953125
481,1627638800826.7568,1627638801574.0,747.2431640625
482,1627638800841.7197,1627638801286.0,444.2802734375
483,1627638800860.668,1627638801314.0,453.33203125
484,1627638800888.6243,1627638801613.0,724.375732421875
485,1627638800903.5845,1627638801750.0,846.41552734375
486,1627638800919.5093,1627638801354.0,434.49072265625
487,1627638800933.915,1627638801389.0,455.0849609375
488,1627638800949.8398,1627638801790.0,840.16015625
489,1627638800973.1992,1627638801821.0,847.80078125
490,1627638800998.089,1627638801559.0,560.910888671875
491,1627638801013.0847,1627638801605.0,591.915283203125
492,1627638801028.0095,1627638801861.0,832.990478515625
493,1627638801044.9966,1627638801897.0,852.00341796875
494,1627638801060.9211,1627638801627.0,566.078857421875
495,1627638801073.8875,1627638801655.0,581.112548828125
496,1627638801091.8413,1627638801927.0,835.15869140625
497,1627638801105.803,1627638801957.0,851.197021484375
498,1627638801122.7952,1627638801685.0,562.204833984375
499,1627638801136.7185,1627638801718.0,581.281494140625
500,1627638801152.6772,1627638801987.0,834.32275390625
501,1627638801165.6423,1627638802016.0,850.357666015625
502,1627638801181.6006,1627638801748.0,566.3994140625
503,1627638801197.556,1627638801782.0,584.444091796875
504,1627638801212.5166,1627638802050.0,837.4833984375
505,1627638801229.472,1627638802082.0,852.528076171875
506,1627638801247.4238,1627638801897.0,649.576171875
507,1627638801274.3528,1627638801852.0,577.647216796875
508,1627638801292.3047,1627638802115.0,822.6953125
509,1627638801322.2249,1627638802149.0,826.775146484375
510,1627638801337.1833,1627638801893.0,555.816650390625
511,1627638801365.1077,1627638802025.0,659.892333984375
512,1627638801397.0222,1627638802193.0,795.977783203125
513,1627638801427.9395,1627638802224.0,796.060546875
514,1627638801442.5251,1627638802060.0,617.474853515625
515,1627638801464.8062,1627638802094.0,629.19384765625
516,1627638801498.2327,1627638802257.0,758.767333984375
517,1627638801527.1104,1627638802396.0,868.8896484375
518,1627638801553.0403,1627638802124.0,570.959716796875
519,1627638801567.9985,1627638802158.0,590.00146484375
520,1627638801582.959,1627638802431.0,848.041015625
521,1627638801600.9106,1627638802466.0,865.08935546875
522,1627638801629.8354,1627638802205.0,575.16455078125
523,1627638801642.8293,1627638802224.0,581.170654296875
524,1627638801658.757,1627638802509.0,850.242919921875
525,1627638801673.7495,1627638802542.0,868.25048828125
526,1627638801689.6726,1627638802363.0,673.327392578125
527,1627638801703.6357,1627638802396.0,692.3642578125
528,1627638801721.589,1627638802582.0,860.410888671875
529,1627638801754.5,1627638802613.0,858.5
530,1627638801780.4312,1627638802431.0,650.56884765625
531,1627638801810.3523,1627638802470.0,659.647705078125
532,1627638801840.27,1627638802644.0,803.72998046875
533,1627638801861.2144,1627638802674.0,812.78564453125
534,1627638801891.1355,1627638802509.0,617.864501953125
535,1627638801917.0662,1627638802550.0,632.933837890625
536,1627638801935.0183,1627638802708.0,772.981689453125
537,1627638801948.9797,1627638802741.0,792.020263671875
538,1627638801965.9363,1627638802586.0,620.063720703125
539,1627638801978.8992,1627638802621.0,642.100830078125
540,1627638801994.8586,1627638802771.0,776.141357421875
541,1627638802012.8088,1627638802903.0,890.191162109375
542,1627638802042.7292,1627638802650.0,607.270751953125
543,1627638802058.6863,1627638802686.0,627.313720703125
544,1627638802091.5986,1627638802941.0,849.4013671875
545,1627638802122.516,1627638802974.0,851.48388671875
546,1627638802150.443,1627638802823.0,672.556884765625
547,1627638802180.3618,1627638802851.0,670.63818359375
548,1627638802198.313,1627638803006.0,807.68701171875
549,1627638802230.2297,1627638803043.0,812.770263671875
550,1627638802243.1953,1627638802879.0,635.8046875
551,1627638802261.1467,1627638802913.0,651.853271484375
552,1627638802287.077,1627638803068.0,780.923095703125
553,1627638802302.0352,1627638803096.0,793.96484375
554,1627638802316.9968,1627638802947.0,630.003173828125
555,1627638802333.984,1627638802982.0,648.01611328125
556,1627638802348.9111,1627638803125.0,776.0888671875
557,1627638802366.865,1627638803159.0,792.135009765625
558,1627638802379.827,1627638803013.0,633.173095703125
559,1627638802399.1125,1627638803148.0,748.887451171875
560,1627638802426.0405,1627638803200.0,773.95947265625
561,1627638802458.9636,1627638803232.0,773.036376953125
562,1627638802474.9097,1627638803184.0,709.09033203125
563,1627638802489.8696,1627638803221.0,731.13037109375
564,1627638802507.8225,1627638803295.0,787.177490234375
565,1627638802536.7441,1627638803350.0,813.255859375
566,1627638802568.6594,1627638803288.0,719.340576171875
567,1627638802583.62,1627638803340.0,756.3798828125
568,1627638802616.5317,1627638803404.0,787.46826171875
569,1627638802646.452,1627638803445.0,798.548095703125
570,1627638802674.4675,1627638803394.0,719.532470703125
571,1627638802704.3887,1627638803545.0,840.611328125
572,1627638802718.3506,1627638803488.0,769.6494140625
573,1627638802735.4963,1627638803527.0,791.503662109375
574,1627638802748.4937,1627638803590.0,841.50634765625
575,1627638802765.4158,1627638803671.0,905.584228515625
576,1627638802780.3745,1627638803566.0,785.62548828125
577,1627638802796.365,1627638803628.0,831.635009765625
578,1627638802811.292,1627638803707.0,895.7080078125
579,1627638802827.2505,1627638803748.0,920.74951171875
580,1627638802841.2117,1627638803694.0,852.788330078125
581,1627638802857.17,1627638803736.0,878.830078125
582,1627638802872.1301,1627638803786.0,913.869873046875
583,1627638802887.0896,1627638803818.0,930.910400390625
584,1627638802907.041,1627638803870.0,962.958984375
585,1627638802936.957,1627638803900.0,963.04296875
586,1627638802965.88,1627638803954.0,988.1201171875
587,1627638802985.8252,1627638803987.0,1001.1748046875
588,1627638803015.7463,1627638803935.0,919.253662109375
589,1627638803027.7458,1627638803972.0,944.254150390625
590,1627638803043.6714,1627638804020.0,976.32861328125
591,1627638803057.6658,1627638804052.0,994.334228515625
592,1627638803073.5918,1627638804008.0,934.408203125
593,1627638803087.5532,1627638804040.0,952.44677734375
594,1627638803103.51,1627638804085.0,981.489990234375
595,1627638803118.471,1627638804122.0,1003.529052734375
596,1627638803134.453,1627638804069.0,934.547119140625
597,1627638803154.3757,1627638804103.0,948.624267578125
598,1627638803182.2998,1627638804158.0,975.7001953125
599,1627638803212.2207,1627638804196.0,983.779296875
600,1627638803268.072,1627638804142.0,873.927978515625
601,1627638803293.0063,1627638804180.0,886.99365234375
602,1627638803320.929,1627638804237.0,916.071044921875
603,1627638803353.8423,1627638804276.0,922.15771484375
604,1627638803380.77,1627638804222.0,841.22998046875
605,1627638803399.7195,1627638804260.0,860.280517578125
606,1627638803428.6416,1627638804312.0,883.3583984375
607,1627638803459.5579,1627638804350.0,890.442138671875
608,1627638803475.517,1627638804311.0,835.48291015625
609,1627638803492.4714,1627638804337.0,844.528564453125
610,1627638803522.391,1627638804391.0,868.60888671875
611,1627638803539.3455,1627638804524.0,984.654541015625
612,1627638803571.2605,1627638804375.0,803.739501953125
613,1627638803600.183,1627638804409.0,808.81689453125
614,1627638803678.973,1627638804553.0,874.027099609375
615,1627638803708.8918,1627638804581.0,872.108154296875
616,1627638803739.809,1627638804439.0,699.19091796875
617,1627638803768.7327,1627638804468.0,699.267333984375
618,1627638803785.703,1627638804613.0,827.297119140625
619,1627638803814.6084,1627638804648.0,833.3916015625
620,1627638803845.5264,1627638804497.0,651.4736328125
621,1627638803859.488,1627638804632.0,772.511962890625
622,1627638803876.4438,1627638804684.0,807.55615234375
623,1627638803890.406,1627638804715.0,824.593994140625
624,1627638803908.3584,1627638804666.0,757.6416015625
625,1627638803923.3174,1627638804702.0,778.6826171875
626,1627638803940.273,1627638804750.0,809.72705078125
627,1627638803957.227,1627638804784.0,826.77294921875
628,1627638803986.15,1627638804774.0,787.85009765625
629,1627638803999.116,1627638804768.0,768.884033203125
630,1627638804015.0723,1627638804817.0,801.927734375
631,1627638804030.033,1627638804988.0,957.967041015625
632,1627638804046.9868,1627638804802.0,755.01318359375
633,1627638804061.947,1627638804972.0,910.052978515625
634,1627638804078.9019,1627638805022.0,943.09814453125
635,1627638804091.8674,1627638805055.0,963.132568359375
636,1627638804110.8162,1627638805020.0,909.183837890625
637,1627638804141.7366,1627638805041.0,899.263427734375
638,1627638804169.6592,1627638805087.0,917.3408203125
639,1627638804188.609,1627638805181.0,992.39111328125
640,1627638804218.5332,1627638805076.0,857.466796875
641,1627638804248.4497,1627638805111.0,862.55029296875
642,1627638804266.4016,1627638805158.0,891.598388671875
643,1627638804295.3235,1627638805308.0,1012.676513671875
644,1627638804323.2476,1627638805146.0,822.75244140625
645,1627638804342.1978,1627638805184.0,841.80224609375
646,1627638804372.1184,1627638805343.0,970.881591796875
647,1627638804401.0435,1627638805377.0,975.95654296875
648,1627638804416.0005,1627638805215.0,798.99951171875
649,1627638804430.9607,1627638805238.0,807.039306640625
650,1627638804447.914,1627638805407.0,959.0859375
651,1627638804464.8704,1627638805440.0,975.129638671875
652,1627638804495.7883,1627638805267.0,771.211669921875
653,1627638804510.7466,1627638805299.0,788.25341796875
654,1627638804526.704,1627638805472.0,945.2958984375
655,1627638804539.6692,1627638805504.0,964.330810546875
656,1627638804556.6667,1627638805351.0,794.333251953125
657,1627638804570.663,1627638805366.0,795.3369140625
658,1627638804587.5847,1627638805532.0,944.415283203125
659,1627638804601.547,1627638805569.0,967.452880859375
660,1627638804618.5032,1627638805407.0,788.496826171875
661,1627638804636.4534,1627638805434.0,797.546630859375
662,1627638804651.4148,1627638805590.0,938.585205078125
663,1627638804680.3376,1627638805621.0,940.662353515625
664,1627638804697.291,1627638805467.0,769.708984375
665,1627638804725.2148,1627638805498.0,772.78515625
666,1627638804742.1707,1627638805653.0,910.829345703125
667,1627638804775.0835,1627638805687.0,911.91650390625
668,1627638804804.006,1627638805640.0,835.993896484375
669,1627638804830.9324,1627638805672.0,841.067626953125
670,1627638804845.8936,1627638805719.0,873.1064453125
671,1627638804860.8857,1627638805754.0,893.1142578125
672,1627638804876.811,1627638805707.0,830.18896484375
673,1627638804891.803,1627638805742.0,850.197021484375
674,1627638804912.1897,1627638805904.0,991.810302734375
675,1627638804947.0918,1627638805956.0,1008.908203125
676,1627638804972.9849,1627638805920.0,947.01513671875
677,1627638804997.9177,1627638805933.0,935.082275390625
678,1627638805014.8745,1627638805974.0,959.12548828125
679,1627638805029.8335,1627638806044.0,1014.16650390625
680,1627638805046.7886,1627638805968.0,921.21142578125
681,1627638805075.71,1627638806112.0,1036.2900390625
682,1627638805092.6636,1627638806034.0,941.33642578125
683,1627638805107.6257,1627638806069.0,961.374267578125
684,1627638805137.5466,1627638806138.0,1000.453369140625
685,1627638805155.4976,1627638806167.0,1011.50244140625
686,1627638805183.4226,1627638806096.0,912.577392578125
687,1627638805199.3801,1627638806128.0,928.619873046875
688,1627638805214.341,1627638806198.0,983.658935546875
689,1627638805229.2996,1627638806226.0,996.700439453125
690,1627638805245.2563,1627638806262.0,1016.74365234375
691,1627638805261.2158,1627638806295.0,1033.7841796875
692,1627638805278.1687,1627638806262.0,983.831298828125
693,1627638805294.1265,1627638806296.0,1001.87353515625
694,1627638805323.0518,1627638806329.0,1005.9482421875
695,1627638805339.0059,1627638806467.0,1127.994140625
696,1627638805351.97,1627638806331.0,979.030029296875
697,1627638805371.9175,1627638806360.0,988.08251953125
698,1627638805400.8396,1627638806495.0,1094.160400390625
699,1627638805414.8037,1627638806635.0,1220.1962890625
700,1627638805430.761,1627638806390.0,959.239013671875
701,1627638805460.6816,1627638806522.0,1061.318359375
702,1627638805478.6343,1627638806670.0,1191.36572265625
703,1627638805493.5938,1627638806722.0,1228.40625
704,1627638805507.5562,1627638806667.0,1159.44384765625
705,1627638805521.5193,1627638806708.0,1186.480712890625
706,1627638805537.4746,1627638806743.0,1205.525390625
707,1627638805552.4348,1627638806780.0,1227.565185546875
708,1627638805567.3948,1627638806744.0,1176.605224609375
709,1627638805581.3586,1627638806788.0,1206.641357421875
710,1627638805596.3179,1627638806815.0,1218.68212890625
711,1627638805611.277,1627638806847.0,1235.722900390625
712,1627638805626.239,1627638806811.0,1184.760986328125
713,1627638805644.1907,1627638806844.0,1199.809326171875
714,1627638805676.106,1627638806878.0,1201.89404296875
715,1627638805703.0337,1627638806913.0,1209.96630859375
716,1627638805719.987,1627638806876.0,1156.012939453125
717,1627638805734.9487,1627638806908.0,1173.05126953125
718,1627638805751.9011,1627638807048.0,1296.098876953125
719,1627638805765.864,1627638807079.0,1313.135986328125
720,1627638805781.8213,1627638806940.0,1158.1787109375
721,1627638805802.116,1627638806971.0,1168.884033203125
722,1627638805835.9937,1627638807113.0,1277.00634765625
723,1627638805864.8816,1627638807147.0,1282.118408203125
724,1627638805892.8005,1627638806999.0,1106.199462890625
725,1627638805912.7463,1627638807029.0,1116.253662109375
726,1627638805942.67,1627638807184.0,1241.330078125
727,1627638805971.59,1627638807337.0,1365.409912109375
728,1627638805999.517,1627638807063.0,1063.48291015625
729,1627638806017.4668,1627638807095.0,1077.533203125
730,1627638806033.427,1627638807372.0,1338.572998046875
731,1627638806048.3838,1627638807406.0,1357.6162109375
732,1627638806063.3442,1627638807126.0,1062.65576171875
733,1627638806078.3054,1627638807158.0,1079.694580078125
734,1627638806096.2583,1627638807442.0,1345.74169921875
735,1627638806126.1772,1627638807475.0,1348.82275390625
736,1627638806142.1885,1627638807192.0,1049.8115234375
737,1627638806154.2502,1627638807337.0,1182.749755859375
738,1627638806173.1914,1627638807512.0,1338.80859375
739,1627638806187.15,1627638807653.0,1465.85009765625
740,1627638806202.0894,1627638807372.0,1169.91064453125
741,1627638806214.8218,1627638807410.0,1195.17822265625
742,1627638806231.7798,1627638807692.0,1460.22021484375
743,1627638806245.7417,1627638807722.0,1476.25830078125
744,1627638806264.692,1627638807512.0,1247.30810546875
745,1627638806295.609,1627638807521.0,1225.39111328125
746,1627638806323.5352,1627638807751.0,1427.46484375
747,1627638806354.4524,1627638807895.0,1540.547607421875
748,1627638806369.4353,1627638807505.0,1135.564697265625
749,1627638806386.3667,1627638807538.0,1151.63330078125
750,1627638806400.4365,1627638808046.0,1645.5634765625
751,1627638806423.4822,1627638808076.0,1652.517822265625
752,1627638806449.412,1627638807566.0,1116.587890625
753,1627638806466.3667,1627638807596.0,1129.63330078125
754,1627638806479.3313,1627638808117.0,1637.668701171875
755,1627638806496.0415,1627638808165.0,1668.95849609375
756,1627638806509.0383,1627638807626.0,1116.961669921875
757,1627638806524.9949,1627638807663.0,1138.005126953125
758,1627638806538.7607,1627638808181.0,1642.2392578125
759,1627638806562.432,1627638808219.0,1656.568115234375
760,1627638806590.3577,1627638807696.0,1105.642333984375
761,1627638806617.276,1627638807731.0,1113.72412109375
762,1627638806634.458,1627638808248.0,1613.5419921875
763,1627638806647.4238,1627638808282.0,1634.576171875
764,1627638806667.3708,1627638807883.0,1215.629150390625
765,1627638806695.2993,1627638807923.0,1227.70068359375
766,1627638806713.2505,1627638808317.0,1603.74951171875
767,1627638806744.1653,1627638808354.0,1609.834716796875
768,1627638806775.083,1627638807957.0,1181.9169921875
769,1627638806805.004,1627638807983.0,1177.99609375
770,1627638806833.9248,1627638808390.0,1556.0751953125
771,1627638806853.871,1627638808417.0,1563.12890625
772,1627638806885.7869,1627638808016.0,1130.213134765625
773,1627638806916.7043,1627638808047.0,1130.295654296875
774,1627638806944.629,1627638808449.0,1504.37109375
775,1627638806959.5886,1627638808486.0,1526.411376953125
776,1627638806976.544,1627638808079.0,1102.4560546875
777,1627638806990.2402,1627638808127.0,1136.759765625
778,1627638807005.1729,1627638808511.0,1505.8271484375
779,1627638807022.1274,1627638808540.0,1517.87255859375
780,1627638807036.091,1627638808152.0,1115.908935546875
781,1627638807055.0403,1627638808184.0,1128.959716796875
782,1627638807085.9585,1627638808570.0,1484.04150390625
783,1627638807117.8738,1627638808727.0,1609.126220703125
784,1627638807146.795,1627638808218.0,1071.205078125
785,1627638807162.752,1627638808253.0,1090.248046875
786,1627638807176.714,1627638808747.0,1570.285888671875
787,1627638807193.6692,1627638808787.0,1593.330810546875
788,1627638807206.662,1627638808286.0,1079.337890625
789,1627638807228.4492,1627638808322.0,1093.55078125
790,1627638807261.0366,1627638808817.0,1555.96337890625
791,1627638807291.9744,1627638808846.0,1554.025634765625
792,1627638807318.9016,1627638808357.0,1038.098388671875
793,1627638807332.8667,1627638808390.0,1057.13330078125
794,1627638807364.2966,1627638808880.0,1515.703369140625
795,1627638807379.2573,1627638808916.0,1536.74267578125
796,1627638807394.2166,1627638808421.0,1026.783447265625
797,1627638807412.1682,1627638808459.0,1046.831787109375
798,1627638807426.1313,1627638808944.0,1517.86865234375
799,1627638807441.092,1627638808973.0,1531.907958984375
800,1627638807455.0532,1627638808491.0,1035.94677734375
801,1627638807474.0027,1627638808653.0,1178.997314453125
802,1627638807502.9263,1627638809007.0,1504.07373046875
803,1627638807531.8496,1627638809040.0,1508.150390625
804,1627638807546.8074,1627638808682.0,1135.192626953125
805,1627638807561.768,1627638808712.0,1150.23193359375
806,1627638807577.7249,1627638809070.0,1492.275146484375
807,1627638807593.683,1627638809104.0,1510.31689453125
808,1627638807607.6453,1627638808744.0,1136.354736328125
809,1627638807625.5977,1627638808772.0,1146.40234375
810,1627638807657.5134,1627638809237.0,1579.486572265625
811,1627638807686.4348,1627638809269.0,1582.565185546875
812,1627638807702.4243,1627638808807.0,1104.57568359375
813,1627638807716.3582,1627638808838.0,1121.641845703125
814,1627638807733.3093,1627638809304.0,1570.690673828125
815,1627638807760.9097,1627638809336.0,1575.09033203125
816,1627638807782.9,1627638808875.0,1092.10009765625
817,1627638807810.2107,1627638808910.0,1099.789306640625
818,1627638807841.9197,1627638809371.0,1529.080322265625
819,1627638807869.8438,1627638809401.0,1531.15625
820,1627638807889.7896,1627638809036.0,1146.21044921875
821,1627638807917.7148,1627638809070.0,1152.28515625
822,1627638807932.6753,1627638809430.0,1497.32470703125
823,1627638807947.1687,1627638809461.0,1513.831298828125
824,1627638807963.157,1627638809102.0,1138.843017578125
825,1627638807979.4573,1627638809132.0,1152.542724609375
826,1627638807994.4165,1627638809490.0,1495.58349609375
827,1627638808013.3667,1627638809517.0,1503.63330078125
828,1627638808043.2234,1627638809163.0,1119.776611328125
829,1627638808074.142,1627638809194.0,1119.85791015625
830,1627638808103.0662,1627638809553.0,1449.933837890625
831,1627638808121.018,1627638809587.0,1465.98193359375
832,1627638808133.9817,1627638809225.0,1091.018310546875
833,1627638808151.933,1627638809256.0,1104.06689453125
834,1627638808182.8503,1627638809620.0,1437.149658203125
835,1627638808213.7688,1627638809652.0,1438.231201171875
836,1627638808241.6936,1627638809289.0,1047.306396484375
837,1627638808257.6846,1627638809320.0,1062.3154296875
838,1627638808271.6152,1627638809683.0,1411.384765625
839,1627638808301.536,1627638809721.0,1419.464111328125
840,1627638808322.479,1627638809352.0,1029.52099609375
841,1627638808349.4045,1627638809389.0,1039.595458984375
842,1627638808379.3271,1627638809742.0,1362.6728515625
843,1627638808397.2783,1627638809771.0,1373.7216796875
844,1627638808428.1956,1627638809526.0,1097.804443359375
845,1627638808440.1626,1627638809561.0,1120.83740234375
846,1627638808457.1187,1627638809810.0,1352.88134765625
847,1627638808470.1167,1627638809849.0,1378.88330078125
848,1627638808490.0288,1627638809595.0,1104.97119140625
849,1627638808517.9546,1627638809629.0,1111.04541015625
850,1627638808531.9167,1627638809884.0,1352.083251953125
851,1627638808547.8735,1627638809919.0,1371.12646484375
852,1627638808562.8362,1627638809661.0,1098.163818359375
853,1627638808577.8262,1627638809808.0,1230.173828125
854,1627638808603.896,1627638809955.0,1351.10400390625
855,1627638808629.7903,1627638810031.0,1401.209716796875
856,1627638808657.744,1627638809845.0,1187.256103515625
857,1627638808671.6748,1627638809880.0,1208.3251953125
858,1627638808687.6323,1627638810025.0,1337.36767578125
859,1627638808703.5913,1627638810071.0,1367.40869140625
860,1627638808721.5437,1627638809915.0,1193.456298828125
861,1627638808735.5066,1627638809952.0,1216.493408203125
862,1627638808751.4932,1627638810106.0,1354.5068359375
863,1627638808780.3828,1627638810138.0,1357.6171875
864,1627638808794.381,1627638809983.0,1188.618896484375
865,1627638808812.2998,1627638810020.0,1207.7001953125
866,1627638808842.22,1627638810174.0,1331.780029296875
867,1627638808873.1406,1627638810317.0,1443.859375
868,1627638808903.0554,1627638810057.0,1153.944580078125
869,1627638808919.0125,1627638810100.0,1180.987548828125
870,1627638808932.9756,1627638810449.0,1516.0244140625
871,1627638808948.933,1627638810481.0,1532.06689453125
872,1627638808961.8975,1627638810136.0,1174.1025390625
873,1627638808978.8525,1627638810168.0,1189.1474609375
874,1627638808992.8147,1627638810520.0,1527.185302734375
875,1627638809009.772,1627638810560.0,1550.22802734375
876,1627638809022.7363,1627638810201.0,1178.263671875
877,1627638809040.6892,1627638810233.0,1192.310791015625
878,1627638809070.608,1627638810587.0,1516.39208984375
879,1627638809100.5276,1627638810618.0,1517.472412109375
880,1627638809130.4473,1627638810260.0,1129.552734375
881,1627638809145.4417,1627638810297.0,1151.558349609375
882,1627638809163.36,1627638810760.0,1596.639892578125
883,1627638809177.3584,1627638810795.0,1617.6416015625
884,1627638809195.276,1627638810328.0,1132.72412109375
885,1627638809208.24,1627638810357.0,1148.760009765625
886,1627638809225.1946,1627638810831.0,1605.805419921875
887,1627638809256.112,1627638810862.0,1605.887939453125
888,1627638809287.0464,1627638810386.0,1098.95361328125
889,1627638809313.958,1627638810418.0,1104.0419921875
890,1627638809329.914,1627638810890.0,1560.0859375
891,1627638809347.8655,1627638810928.0,1580.134521484375
892,1627638809378.7844,1627638810449.0,1070.215576171875
893,1627638809406.741,1627638810501.0,1094.259033203125
894,1627638809420.6733,1627638810977.0,1556.32666015625
895,1627638809436.6602,1627638810997.0,1560.33984375
896,1627638809451.5881,1627638810526.0,1074.411865234375
897,1627638809466.548,1627638810562.0,1095.451904296875
898,1627638809481.509,1627638811027.0,1545.490966796875
899,1627638809496.4685,1627638811057.0,1560.531494140625
900,1627638809512.4258,1627638810692.0,1179.57421875
901,1627638809529.3813,1627638810725.0,1195.61865234375
902,1627638809543.3176,1627638811226.0,1682.682373046875
903,1627638809562.2686,1627638811259.0,1696.7314453125
904,1627638809592.187,1627638810758.0,1165.81298828125
905,1627638809622.1062,1627638810794.0,1171.893798828125
906,1627638809652.0261,1627638811317.0,1664.973876953125
907,1627638809666.0127,1627638811330.0,1663.9873046875
908,1627638809682.864,1627638810829.0,1146.135986328125
909,1627638809711.7861,1627638810860.0,1148.2138671875
910,1627638809726.7795,1627638811361.0,1634.220458984375
911,1627638809745.6943,1627638811391.0,1645.3056640625
912,1627638809775.6143,1627638810895.0,1119.3857421875
913,1627638809791.571,1627638810929.0,1137.428955078125
914,1627638809807.5317,1627638811421.0,1613.46826171875
915,1627638809837.4514,1627638811451.0,1613.548583984375
916,1627638809866.3716,1627638810970.0,1103.62841796875
917,1627638809886.3203,1627638811010.0,1123.6796875
918,1627638809918.2334,1627638811495.0,1576.7666015625
919,1627638809943.1667,1627638811616.0,1672.833251953125
920,1627638809960.1213,1627638811215.0,1254.878662109375
921,1627638809972.0884,1627638811239.0,1266.91162109375
922,1627638809990.0408,1627638811655.0,1664.959228515625
923,1627638810020.958,1627638811687.0,1666.0419921875
924,1627638810048.8862,1627638811274.0,1225.11376953125
925,1627638810078.8044,1627638811304.0,1225.195556640625
926,1627638810094.7607,1627638811724.0,1629.2392578125
927,1627638810111.7153,1627638811752.0,1640.28466796875
928,1627638810143.6323,1627638811341.0,1197.36767578125
929,1627638810172.5525,1627638811372.0,1199.447509765625
930,1627638810185.52,1627638811786.0,1600.47998046875
931,1627638810202.475,1627638811819.0,1616.52490234375
932,1627638810215.4377,1627638811511.0,1295.562255859375
933,1627638810233.3896,1627638811546.0,1312.6103515625
934,1627638810246.3564,1627638811851.0,1604.6435546875
935,1627638810263.3103,1627638811884.0,1620.689697265625
936,1627638810279.269,1627638811575.0,1295.73095703125
937,1627638810297.2192,1627638811605.0,1307.78076171875
938,1627638810325.1777,1627638811920.0,1594.822265625
939,1627638810340.1372,1627638811956.0,1615.86279296875
940,1627638810356.0623,1627638811640.0,1283.937744140625
941,1627638810371.0227,1627638811673.0,1301.977294921875
942,1627638810388.9885,1627638811997.0,1608.011474609375
943,1627638810419.907,1627638812034.0,1614.093017578125
944,1627638810450.821,1627638811706.0,1255.178955078125
945,1627638810479.7456,1627638811743.0,1263.25439453125
946,1627638810510.6604,1627638812063.0,1552.339599609375
947,1627638810530.643,1627638812093.0,1562.35693359375
948,1627638810558.5322,1627638811775.0,1216.4677734375
949,1627638810589.452,1627638811809.0,1219.548095703125
950,1627638810603.415,1627638812357.0,1753.5849609375
951,1627638810621.4065,1627638812176.0,1554.593505859375
952,1627638810635.353,1627638811840.0,1204.64697265625
953,1627638810649.2905,1627638811874.0,1224.70947265625
954,1627638810664.25,1627638812213.0,1548.75
955,1627638810681.2036,1627638812256.0,1574.79638671875
956,1627638810697.1628,1627638811907.0,1209.837158203125
957,1627638810711.1252,1627638811947.0,1235.874755859375
958,1627638810728.0796,1627638812292.0,1563.92041015625
959,1627638810741.0444,1627638812330.0,1588.95556640625
960,1627638810758.962,1627638811981.0,1222.0380859375
961,1627638810786.5579,1627638812021.0,1234.442138671875
962,1627638810803.5127,1627638812382.0,1578.4873046875
963,1627638810818.474,1627638812492.0,1673.52587890625
964,1627638810837.4236,1627638812051.0,1213.576416015625
965,1627638810849.3916,1627638812082.0,1232.6083984375
966,1627638810866.3442,1627638812528.0,1661.65576171875
967,1627638810879.311,1627638812554.0,1674.68896484375
968,1627638810898.2615,1627638812144.0,1245.738525390625
969,1627638810911.225,1627638812150.0,1238.77490234375
970,1627638810928.1804,1627638812581.0,1652.819580078125
971,1627638810957.1013,1627638812614.0,1656.898681640625
972,1627638810989.0186,1627638812190.0,1200.9814453125
973,1627638811005.9736,1627638812229.0,1223.0263671875
974,1627638811033.8955,1627638812644.0,1610.1044921875
975,1627638811046.8616,1627638812682.0,1635.138427734375
976,1627638811062.8499,1627638812269.0,1206.150146484375
977,1627638811084.9236,1627638812409.0,1324.076416015625
978,1627638811116.7642,1627638812713.0,1596.23583984375
979,1627638811147.639,1627638812749.0,1601.361083984375
980,1627638811178.5618,1627638812437.0,1258.438232421875
981,1627638811206.5198,1627638812471.0,1264.480224609375
982,1627638811235.4053,1627638812783.0,1547.5947265625
983,1627638811264.3293,1627638812911.0,1646.670654296875
984,1627638811280.287,1627638812504.0,1223.712890625
985,1627638811297.2393,1627638812648.0,1350.7607421875
986,1627638811329.1528,1627638813052.0,1722.84716796875
987,1627638811357.0789,1627638813090.0,1732.921142578125
988,1627638811374.034,1627638812681.0,1306.966064453125
989,1627638811388.9949,1627638812738.0,1349.005126953125
990,1627638811403.9517,1627638813116.0,1712.04833984375
991,1627638811418.9133,1627638813141.0,1722.086669921875
992,1627638811435.8691,1627638812752.0,1316.130859375
993,1627638811447.8367,1627638812787.0,1339.163330078125
994,1627638811464.822,1627638813173.0,1708.177978515625
995,1627638811480.7476,1627638813200.0,1719.25244140625
996,1627638811495.7087,1627638812831.0,1335.291259765625
997,1627638811514.6602,1627638812852.0,1337.33984375
998,1627638811541.5845,1627638813228.0,1686.41552734375
999,1627638811570.5083,1627638813256.0,1685.49169921875
